date	season	part	chaos	door	difficulty	special	options	rolled	mode	client	total	payouts	marked	marked_at	fought	lost	SPOT_TYPE_BATTLE	SPOT_TYPE_BOSS	SPOT_TYPE_BREAK_IN	SPOT_TYPE_ELITE	log	missed	notes
2026-09-07 20:05	s04	part 2	Kaleidoscope Hatchery	Galactic Disaster	?			CREDIT_DOWN:p016 ELITE_ADD:p008 FATE_RATIOUP:b010 MAX_HP_DOWN:p011 MONSTER_STAT:p004	delegated	cznlive 1.450 r667	344	17:boss:172 34:boss:172			battle:13 boss:2 elite:2 unknown:2			172+172			websocket_debug_20260907_204525.jsonl		
2026-09-17 18:21	s04	part 3	Kaleidoscope Hatchery	Galactic Disaster	?			CREDIT_DOWN:p016 CS_BALLTE_TEAM:p023 ELITE_ADD:p008 FATE_RATIOUP:b010	delegated	cznlive 1.464 r688	510	17:boss:180 21:battle:90+e 34:boss:180 37:boss:60	b1:1 e:1	battle.e:1 break_in.b1:1	battle:11 boss:3 break_in:1 elite:4		90	180+180+60			websocket_debug_20260917_165330.jsonl		
2026-09-19 21:38	s04	part 3	Kaleidoscope Hatchery	Galactic Disaster	?			CREDIT_DOWN:p016 FATE_RATIOUP:b010 MONSTER_STAT:p004	delegated	cznlive 1.464 r688	810	5:battle:90+e 7:battle:60+k5 14:elite:60+k5 17:boss:180 28:battle:60+k5 31:battle:60+k5 31:break_in:60+b1+k5 34:boss:180 37:boss:60	b1+k5:1 e:1 k5:4	battle.e:1 battle.k5:3 break_in.b1+k5:1 elite.k5:1	battle:11 boss:3 break_in:1 elite:3 unknown:1		90+60+60+60	180+180+60	60	60	websocket_debug_20260919_221148.jsonl		
2026-09-22 18:48	s04	part 3	Kaleidoscope Hatchery	Galactic Disaster	?			CS_BALLTE_TEAM:p023 FATE_RATIOUP:b010	delegated	cznlive 1.464 r688	480	17:boss:180 24:battle:60+k5 34:boss:180 37:boss:60	k5:1	battle.k5:1	battle:13 boss:3 elite:1 unknown:2		60	180+180+60			websocket_debug_20260922_192459.jsonl		
2026-09-22 20:49	s04	part 3	Kaleidoscope Hatchery	Galactic Disaster	?			FATE_RATIOUP:b010 MONSTER_STAT:p004	ordinary	cznlive 1.464 r688	540	17:boss:180 28:elite:60+k5 30:battle:60+k5 34:boss:180 37:boss:60	k5:2	battle.k5:1 elite.k5:1	battle:9 boss:3 elite:4 unknown:1		60	180+180+60		60	websocket_debug_20260922_210559.jsonl		
2026-09-22 21:50	s04	part 3	Kaleidoscope Hatchery	Galactic Disaster	?			CREDIT_DOWN:p016 ELITE_ADD:p008 FATE_RATIOUP:b010 MONSTER_STAT:p004	delegated	cznlive 1.464 r688	690	10:elite:60+k5 17:boss:180 18:battle:90+e 24:battle:60+k5 28:battle:60+k5 34:boss:180 37:boss:60	b1:1 e:1 k5:3	battle.e:1 battle.k5:2 break_in.b1:1 elite.k5:1	battle:13 boss:3 break_in:1 elite:5 unknown:1		90+60+60	180+180+60		60	websocket_debug_20260922_222150.jsonl		
2026-09-23 22:50	s04	part 3	Kaleidoscope Hatchery	Galactic Disaster	?			CREDIT_DOWN:p016 FATE_RATIOUP:b010	delegated	cznlive 1.464 r688	420	17:boss:180 34:boss:180 37:boss:60	b1:1	break_in.b1:1	battle:11 boss:3 break_in:1 elite:3			180+180+60			websocket_debug_20260923_233435.jsonl		
2026-09-24 20:50	s04	part 3	Kaleidoscope Hatchery	Galactic Disaster	?			CREDIT_DOWN:p016 CS_BALLTE_TEAM:p025 FATE_RATIOUP:b010 MAX_HP_DOWN:p012 MONSTER_STAT:p004	delegated	cznlive 1.464 r688	420	17:boss:180 34:boss:180 37:boss:60			battle:14 boss:3 elite:2			180+180+60			websocket_debug_20260924_213220.jsonl		
2026-09-25 19:11	s04	part 3	Kaleidoscope Hatchery	Galactic Disaster	?			CS_BALLTE_TEAM:p021 CS_BALLTE_TEAM:p025 FATE_RATIOUP:b010	delegated	cznlive 1.464 r688	660	6:battle:60+k5 17:boss:180 25:battle:90+e 28:battle:90+e 34:boss:180 37:boss:60	e:2 k5:1	battle.e:2 battle.k5:1	battle:10 boss:3 elite:4 unknown:1		60+90+90	180+180+60			websocket_debug_20260925_194713.jsonl		
2026-09-25 19:37	s04	part 3	Kaleidoscope Hatchery	Galactic Disaster	?			CS_BALLTE_TEAM:p019 FATE_RATIOUP:b010 MONSTER_STAT:p002	delegated	cznlive 1.464 r688	540	7:elite:60+k5 17:boss:180 28:battle:60+k5 34:boss:180 37:boss:60	b1:1 k5:2	battle.k5:1 break_in.b1:1 elite.k5:1	battle:11 boss:3 break_in:1 elite:2		60	180+180+60		60	websocket_debug_20260925_194713.jsonl		
2026-09-26 21:12	s04	part 3	Kaleidoscope Hatchery	Galactic Disaster	?			CREDIT_DOWN:p016 FATE_RATIOUP:b010 MONSTER_STAT:p001	delegated	cznlive 1.464 r688	420	7:elite:60+k5 17:boss:180 34:boss:180	k5:1	elite.k5:1	battle:10 boss:3 elite:3 unknown:1	37:boss:0		180+180		60	websocket_debug_20260926_214843.jsonl	60	Lost to Core of Discord boss
2026-09-27 20:10	s04	part 3	Laboratory 0	Zero System	lv76	season 1 Chaos	b002 p135 p127 p131	CS_BALLTE_TEAM:p019 CS_BALLTE_TEAM:p023 FATE_RATIOUP:b002 SAFETY_BLOCK:p027	delegated	cznlive 1.464 r688	270	17:boss:135 34:boss:135			battle:8 boss:3 elite:4 unknown:3			135+135			websocket_debug_20260927_202839.jsonl		
2026-09-27 21:24	s04	part 3	Burning Life	Zero System	lv76	season 2 Chaos	b000 p112 p131 p134	CS_BALLTE_TEAM:p023 CS_BALLTE_TEAM:p026 FATE_RATIOUP:b000 MONSTER_STAT:p004	ordinary	cznlive 1.464 r688	405	6:battle:45+k5 8:elite:45+k5 17:boss:135 30:battle:45+k5 34:boss:135	b1:1 k5:3	battle.k5:2 break_in.b1:1 elite.k5:1	battle:8 boss:3 break_in:1 elite:6 unknown:6		45+45	135+135		45	websocket_debug_20260927_202839.jsonl		
2026-09-28 00:22	s04	part 3	Theater of Illusions	Zero System	lv77	season 3 Chaos	b001 p131 p135 p118	CS_BALLTE_TEAM:p023 FATE_RATIOUP:b001 MAX_HP_DOWN:p010 SAFETY_BLOCK:p027	ordinary	cznlive 1.464 r688	478	1:battle:25+k0+k1 4:elite:27+k0+k1 7:battle:27+k0+k1 10:elite:25+k0+k1 13:elite:27+k0+k1 17:boss:135 20:battle:27+k0+k1 23:battle:25+k0+k1 29:elite:25+k0+k1 34:boss:135	b1:1 k0+k1:8	battle.k0+k1:4 break_in.b1:1 elite.k0+k1:4	battle:10 boss:3 break_in:1 elite:7		25+27+27+25	135+135		27+25+27+25	websocket_debug_20260928_003350.jsonl		
2026-09-28 00:42	s04	part 3	Kaleidoscope Hatchery	Galactic Disaster	?			CREDIT_DOWN:p016 FATE_RATIOUP:b010 MONSTER_STAT:p001	delegated	cznlive 1.464 r688	480	12:elite:60+k5 17:boss:180 34:boss:180 37:boss:60	b1:1 k5:1	break_in.b1:1 elite.k5:1	battle:12 boss:3 break_in:1 elite:4			180+180+60		60	websocket_debug_20260928_003350.jsonl		
2026-09-28 20:16	s04	part 3	Kaleidoscope Hatchery	Galactic Disaster	?			CREDIT_DOWN:p016 CS_BALLTE_TEAM:p023 ELITE_ADD:p008 FATE_RATIOUP:b010 MAX_HP_DOWN:p009	delegated	cznlive 1.464 r688	600	7:battle:60+k5 13:elite:60+k5 17:boss:180 25:battle:60+k5 34:boss:180 37:boss:60	k5:3	battle.k5:2 elite.k5:1	battle:9 boss:3 elite:4		60+60	180+180+60		60	websocket_debug_20260928_205310.jsonl		
2026-09-29 21:27	s04	part 3	Kaleidoscope Hatchery	Galactic Disaster	?			CS_BALLTE_TEAM:p020 ELITE_ADD:p008 FATE_RATIOUP:b010	delegated	cznlive 1.464 r688	540	12:battle:60+k5 17:boss:180 25:battle:60+k5 34:boss:180 37:boss:60	k5:2	battle.k5:2	battle:12 boss:3 elite:3 unknown:1		60+60	180+180+60			websocket_debug_20260929_220558.jsonl		
2026-09-30 13:47	s05	preseason	Swamp of Judgement	Zero System	lv79	season 5 Chaos+Divine Intervention (Sekred)	b001 p134 p123 p119 p126	CREDIT_DOWN:p015 CS_BALLTE_TEAM:p026 CS_BALLTE_TEAM:p018 FATE_RATIOUP:b001 MAX_HP_DOWN:p011	ordinary	cznlive 1.814 r84	0		b1+k5:1 k5:4	battle.k5:1 break_in.b1+k5:1 elite.k5:3	battle:7 boss:3 break_in:1 elite:5 unknown:1						websocket_debug_20260930_133157.jsonl.gz		Swamp of Judgement
2026-09-30 23:08	s05	preseason	Swamp of Judgement	Zero System	lv88	season 5 Chaos	b008 p134 p131 p132	CS_BALLTE_TEAM:p026 CS_BALLTE_TEAM:p023 CS_BALLTE_TEAM:p024 FATE_RATIOUP:b008	delegated	cznlive 1.814 r84	0		k5:1	battle.k5:1	battle:6 boss:3 elite:2 unknown:3						websocket_debug_20260930_233315.jsonl.gz		
2026-09-30 23:51	s05	preseason	Kaleidoscope Hatchery	Zero System	lv80	season 4 Chaos	b008 p115 p135 p130	CS_BALLTE_TEAM:p022 ELITE_ADD:p007 FATE_RATIOUP:b008 SAFETY_BLOCK:p027	delegated	cznlive 1.814 r84	0		e:1 k5:2	battle.e:1 battle.k5:2	battle:13 boss:3 elite:2	37:boss:0					websocket_debug_20260930_233315.jsonl.gz		
2026-09-30 23:55	s05	preseason	The Foretold Ruin	own screen	6				ordinary	cznlive 1.814 r84	0				battle:2						websocket_debug_20260930_233315.jsonl.gz		
2026-10-01 22:05	s05	preseason	Blue Pot	own screen	6				ordinary	cznlive 1.814 r88	0		b1:1 e:1	battle.e:1 break_in.b1:1	battle:10 boss:2 break_in:1 elite:4 unknown:1						websocket_debug_20261001_222841.jsonl.gz		
2026-10-01 22:40	s05	preseason	Swamp of Judgement	own screen	6				ordinary	cznlive 1.814 r88	0		b1:1	break_in.b1:1	battle:13 boss:2 break_in:1 elite:5 unknown:2						websocket_debug_20261001_222841.jsonl.gz		
2026-10-01 23:01	s05	preseason	Twin Star's Shadow	Zero System	lv76	season 5 Chaos	b001 p112 p135 p115	ELITE_ADD:p007 FATE_RATIOUP:b001 MONSTER_STAT:p004 SAFETY_BLOCK:p027	delegated	cznlive 1.814 r88	0				battle:3 boss:3 elite:3 unknown:2						websocket_debug_20261001_222841.jsonl.gz		
2026-10-02 15:14	s05	preseason	City of Mist	Zero System	lv80	Divine Intervention (Nihilum)	b008 p116 p123 p119 p131	CREDIT_DOWN:p015 CS_BALLTE_TEAM:p023 ELITE_ADD:p008 FATE_RATIOUP:b008 MAX_HP_DOWN:p011	ordinary	cznlive 1.814 r88	0		b1:1 k5:2	break_in.b1:1 elite.k5:2	battle:9 boss:2 break_in:1 elite:7 unknown:4						websocket_debug_20261002_154326.jsonl.gz		
2026-10-02 15:42	s05	preseason	The Foretold Ruin	Zero System	lv80	season 1 Chaos+Divine Intervention (Nihilum)	b006 p123 p134 p112 p118	CREDIT_DOWN:p015 CS_BALLTE_TEAM:p026 FATE_RATIOUP:b006 MAX_HP_DOWN:p010 MONSTER_STAT:p004	ordinary	cznlive 1.814 r88	0		b1:1 e:2 k5:2	battle.e:2 battle.k5:1 break_in.b1:1 elite.k5:1	battle:11 boss:2 break_in:1 elite:5						websocket_debug_20261002_154326.jsonl.gz		
2026-10-02 21:42	s05	preseason	Swamp of Judgement	Zero System	lv77	season 1 Chaos	b006 p134 p120 p135 p133	CS_BALLTE_TEAM:p026 CS_BALLTE_TEAM:p025 FATE_RATIOUP:b006 MAX_HP_DOWN:p012 SAFETY_BLOCK:p027	delegated	cznlive 1.814 r88	0		k5:1	elite.k5:1	battle:9 boss:2 elite:4 unknown:1						websocket_debug_20261002_220102.jsonl.gz		
2026-10-03 21:44	s05	preseason	Twin Star's Shadow	Zero System	lv80	Divine Intervention (Diallos)	b002 p120 p126 p131 p114	CS_BALLTE_TEAM:p018 CS_BALLTE_TEAM:p023 ELITE_ADD:p006 FATE_RATIOUP:b002 MAX_HP_DOWN:p012	ordinary	cznlive 1.814 r88	0		e:1 k5:3	battle.e:1 battle.k5:2 elite.k5:1	battle:9 boss:2 elite:7 unknown:4						websocket_debug_20261003_205932.jsonl.gz		
2026-10-04 02:39	s05	preseason	Swamp of Judgement	Zero System	lv79	season 5 Chaos	b010 p120 p131 p134	CS_BALLTE_TEAM:p023 CS_BALLTE_TEAM:p026 FATE_RATIOUP:b010 MAX_HP_DOWN:p012	delegated	cznlive 1.814 r88	0				battle:6 boss:3 elite:4 unknown:1						websocket_debug_20261004_031624.jsonl.gz		
